1,2,3,4,5,6,failed,success_rate,average_number_of_attempts
6,238,1678,3932,2919,925,302,96.98,4.267787173
6,209,1700,3907,3000,901,277,97.23,4.274195207
6,213,1695,3879,2957,940,310,96.9,4.278431373
